sm,gpc,mean_latency
150,9,725.5
151,9,728.9
148,8,729.5
149,8,715.1
0,0,696.3
1,0,696.6
16,0,695.6
17,0,718.4
32,0,727.7
33,0,716.0
48,0,731.0
49,0,731.2
64,0,720.1
65,0,714.3
80,0,713.5
81,0,700.3
2,4,700.8
3,4,711.2
18,4,721.0
19,4,723.8
34,4,698.3
35,4,699.1
50,4,710.9
51,4,708.1
66,4,713.5
67,4,732.4
82,4,716.8
83,4,719.2
96,4,712.9
97,4,716.9
110,4,730.2
111,4,711.7
124,4,716.0
125,4,723.0
4,1,727.5
5,1,725.5
20,1,733.0
21,1,718.6
36,1,716.5
37,1,707.4
52,1,705.9
53,1,726.2
68,1,713.4
69,1,719.3
84,1,693.1
85,1,723.8
98,1,731.2
99,1,714.7
112,1,701.0
113,1,701.9
126,1,736.9
127,1,711.2
6,2,720.1
7,2,734.8
22,2,744.7
23,2,733.8
38,2,708.2
39,2,710.1
54,2,700.9
55,2,708.6
70,2,713.5
71,2,701.8
86,2,731.6
87,2,703.9
100,2,716.7
101,2,724.9
114,2,712.2
115,2,738.1
128,2,729.6
129,2,713.2
138,2,720.2
139,2,709.6
8,3,707.3
9,3,725.2
24,3,731.1
25,3,735.2
40,3,714.7
41,3,694.1
56,3,696.3
57,3,681.6
72,3,677.4
73,3,669.2
88,3,690.8
89,3,674.2
102,3,695.7
103,3,700.0
116,3,696.9
117,3,696.8
130,3,698.0
131,3,693.5
140,3,677.3
141,3,704.1
10,5,712.4
11,5,694.3
26,5,702.9
27,5,694.1
42,5,705.8
43,5,698.6
58,5,715.8
59,5,700.1
74,5,669.1
75,5,710.3
90,5,710.7
91,5,717.7
104,5,713.7
105,5,707.6
118,5,707.5
119,5,700.5
132,5,709.8
133,5,721.8
142,5,716.6
143,5,720.0
12,6,716.2
13,6,708.8
28,6,712.8
29,6,715.8
44,6,700.7
45,6,713.7
60,6,718.7
61,6,723.5
76,6,715.6
77,6,718.4
92,6,728.8
93,6,735.8
106,6,731.1
107,6,722.0
120,6,715.7
121,6,740.2
134,6,732.6
135,6,707.8
144,6,723.2
145,6,682.1
14,7,697.8
15,7,704.2
30,7,708.2
31,7,707.1
46,7,722.8
47,7,694.3
62,7,720.9
63,7,704.2
78,7,707.0
79,7,700.3
94,7,718.1
95,7,715.0
108,7,714.0
109,7,707.7
122,7,695.2
123,7,731.1
136,7,722.1
137,7,714.9
146,7,719.4
147,7,713.0
