pattern,backend,world,size_basis,output_bytes,input_bytes,shard_bytes,remote_bytes_per_rank,ctas,tile_bytes,mode,iters,trials,latency_us,min_us,max_us,warps_per_cta,dynamic_smem_bytes,occupancy_blocks_per_sm,occupancy_warps_per_sm,sm_count,max_warps_per_sm,smem_per_sm,max_smem_per_cta,registers_per_thread,static_smem_bytes,payload_GBps,remote_GBps,aggregate_remote_GBps,logical_inject_GBps,peak_oneway_GBps,rx_util_pct,correct,trial_us
allgather,nccl,4,output_bytes_per_rank,64,16,16,48,0,0,graph,2,1,41.56799986958504,41.56799986958504,41.56799986958504,0,0,0,0,0,0,0,0,0,0,0.0015396458862777342,0.0011547344147083008,0.004618937658833203,0.0011547344147083008,,,True,[41.56799986958504]
allgather,tma_sym,4,output_bytes_per_rank,64,16,16,48,4,16384,graph,2,1,18.271999433636665,18.271999433636665,18.271999433636665,14,229600,1,14,152,64,233472,232448,35,0,0.0035026270787959475,0.0026269703090969604,0.010507881236387842,0.0026269703090969604,,,True,[18.271999433636665]
allgather,tma_sym,4,output_bytes_per_rank,64,16,16,48,64,16384,graph,2,1,22.352000698447227,22.352000698447227,22.352000698447227,14,229600,1,14,152,64,233472,232448,35,0,0.002863278364358946,0.0021474587732692096,0.008589835093076838,0.0021474587732692096,,,True,[22.352000698447227]
allgather,tma_mc,4,output_bytes_per_rank,64,16,16,48,4,16384,graph,2,1,31.74399957060814,31.74399957060814,31.74399957060814,14,229600,1,14,152,64,233472,232448,22,0,0.002016129059529656,0.0015120967946472422,0.006048387178588969,0.000504032264882414,,,True,[31.74399957060814]
allgather,tma_mc,4,output_bytes_per_rank,64,16,16,48,64,16384,graph,2,1,18.799999728798866,18.799999728798866,18.799999728798866,14,229600,1,14,152,64,233472,232448,22,0,0.0034042553682573358,0.002553191526193002,0.010212766104772009,0.0008510638420643339,,,True,[18.799999728798866]
allgather,ce_sym,4,output_bytes_per_rank,64,16,16,48,0,0,graph,2,1,39.15200009942055,39.15200009942055,39.15200009942055,0,0,0,0,0,0,0,0,0,0,0.0016346546750480623,0.0012259910062860468,0.004903964025144187,0.0012259910062860468,,,True,[39.15200009942055]
allgather,ce_mc,4,output_bytes_per_rank,64,16,16,48,0,0,graph,2,1,41.96799919009209,41.96799919009209,41.96799919009209,0,0,0,0,0,0,0,0,0,0,0.0015249714362153648,0.0011437285771615238,0.004574914308646095,0.0003812428590538412,,,True,[41.96799919009209]
allgather,nccl,4,output_bytes_per_rank,65600,16400,16400,49200,0,0,graph,2,1,66.91200286149979,66.91200286149979,66.91200286149979,0,0,0,0,0,0,0,0,0,0,0.9803921149361575,0.7352940862021181,2.9411763448084725,0.7352940862021181,,,True,[66.91200286149979]
allgather,tma_sym,4,output_bytes_per_rank,65600,16400,16400,49200,4,16384,graph,2,1,22.288000211119652,22.288000211119652,22.288000211119652,14,229600,1,14,152,64,233472,232448,35,0,2.943287840031142,2.2074658800233564,8.829863520093426,2.2074658800233564,,,True,[22.288000211119652]
allgather,tma_sym,4,output_bytes_per_rank,65600,16400,16400,49200,64,16384,graph,2,1,24.86399933695793,24.86399933695793,24.86399933695793,14,229600,1,14,152,64,233472,232448,35,0,2.63835270870893,1.9787645315316975,7.91505812612679,1.9787645315316975,,,True,[24.86399933695793]
allgather,tma_mc,4,output_bytes_per_rank,65600,16400,16400,49200,4,16384,graph,2,1,22.288000211119652,22.288000211119652,22.288000211119652,14,229600,1,14,152,64,233472,232448,22,0,2.943287840031142,2.2074658800233564,8.829863520093426,0.7358219600077855,,,True,[22.288000211119652]
allgather,tma_mc,4,output_bytes_per_rank,65600,16400,16400,49200,64,16384,graph,2,1,23.48800003528595,23.48800003528595,23.48800003528595,14,229600,1,14,152,64,233472,232448,22,0,2.7929155271393613,2.094686645354521,8.378746581418085,0.6982288817848403,,,True,[23.48800003528595]
allgather,ce_sym,4,output_bytes_per_rank,65600,16400,16400,49200,0,0,graph,2,1,41.200000792741776,41.200000792741776,41.200000792741776,0,0,0,0,0,0,0,0,0,0,1.592232979072097,1.194174734304073,4.776698937216292,1.194174734304073,,,True,[41.200000792741776]
allgather,ce_mc,4,output_bytes_per_rank,65600,16400,16400,49200,0,0,graph,2,1,35.87200120091438,35.87200120091438,35.87200120091438,0,0,0,0,0,0,0,0,0,0,1.8287242920344196,1.3715432190258146,5.486172876103258,0.4571810730086049,,,True,[35.87200120091438]
alltoall,nccl,4,output_bytes_per_rank,64,64,16,48,0,0,graph,2,1,38.12799975275993,38.12799975275993,38.12799975275993,0,0,0,0,0,0,0,0,0,0,0.0016785564523449017,0.001258917339258676,0.005035669357034704,0.001258917339258676,,,True,[38.12799975275993]
alltoall,tma_sym,4,output_bytes_per_rank,64,64,16,48,4,16384,graph,2,1,26.99200063943863,26.99200063943863,26.99200063943863,14,229600,1,14,152,64,233472,232448,32,0,0.002371072854321444,0.001778304640741083,0.007113218562964332,0.001778304640741083,,,True,[26.99200063943863]
alltoall,tma_sym,4,output_bytes_per_rank,64,64,16,48,64,16384,graph,2,1,24.399999529123306,24.399999529123306,24.399999529123306,14,229600,1,14,152,64,233472,232448,32,0,0.0026229508702904276,0.001967213152717821,0.007868852610871283,0.001967213152717821,,,True,[24.399999529123306]
alltoall,ce_sym,4,output_bytes_per_rank,64,64,16,48,0,0,graph,2,1,34.28800031542778,34.28800031542778,34.28800031542778,0,0,0,0,0,0,0,0,0,0,0.001866542213346965,0.0013999066600102236,0.005599626640040894,0.0013999066600102236,,,True,[34.28800031542778]
alltoall,nccl,4,output_bytes_per_rank,65600,65600,16400,49200,0,0,graph,2,1,58.97599831223488,58.97599831223488,58.97599831223488,0,0,0,0,0,0,0,0,0,0,1.1123169064929748,0.8342376798697311,3.3369507194789243,0.8342376798697311,,,True,[58.97599831223488]
alltoall,tma_sym,4,output_bytes_per_rank,65600,65600,16400,49200,4,16384,graph,2,1,23.792000487446785,23.792000487446785,23.792000487446785,14,229600,1,14,152,64,233472,232448,32,0,2.7572292642904115,2.0679219482178084,8.271687792871234,2.0679219482178084,,,True,[23.792000487446785]
alltoall,tma_sym,4,output_bytes_per_rank,65600,65600,16400,49200,64,16384,graph,2,1,31.488001346588135,31.488001346588135,31.488001346588135,14,229600,1,14,152,64,233472,232448,32,0,2.0833332442393346,1.562499933179501,6.249999732718004,1.562499933179501,,,True,[31.488001346588135]
alltoall,ce_sym,4,output_bytes_per_rank,65600,65600,16400,49200,0,0,graph,2,1,47.00800031423569,47.00800031423569,47.00800031423569,0,0,0,0,0,0,0,0,0,0,1.3955071383909516,1.0466303537932138,4.186521415172855,1.0466303537932138,,,True,[47.00800031423569]
